{"cameraMode":{"drawMode":0,"name":"Shaded","section":"Shading Mode"},"sceneLighting":true,"audioPlay":false,"sceneViewState":{"showFog":true,"showMaterialUpdate":false,"showSkybox":true,"showFlares":true,"showImageEffects":true,"showParticleSystems":true},"in2DMode":false,"pivot":{"x":-1.3800544738769532,"y":-1.3515024185180665,"z":10.389257431030274},"rotation":{"x":-0.2543030083179474,"y":0.5871185064315796,"z":-0.20130617916584016,"w":-0.7416881322860718},"size":8.446359634399414,"orthographic":false}